Title,Artist
"Way Maker","Leeland"
"Build My Life","Pat Barrett"
"Graves Into Gardens","Elevation Worship"
"Goodness Of God","Bethel Music"
"Living Hope","Phil Wickham"
"Great Are You Lord","All Sons & Daughters"
"What A Beautiful Name","Hillsong Worship"
"Who You Say I Am","Hillsong Worship"
"Raise A Hallelujah","Bethel Music"
"This Is Amazing Grace","Phil Wickham"
"King Of Kings","Hillsong Worship"
"10,000 Reasons","Matt Redman"
"Great Things","Phil Wickham"
"Glorious Day","Passion"
"Lord I Need You","Matt Maher"
"In Christ Alone","Keith Getty & Stuart Townend"
"The Lion And The Lamb","Bethel Music"
"How Great Is Our God","Chris Tomlin"
"The Blessing","Kari Jobe & Cody Carnes"
"Cornerstone","Hillsong Worship"
"See A Victory","Elevation Worship"
"Reckless Love","Cory Asbury"
"King Of My Heart","John Mark & Sarah McMillan"
"O Come To The Altar","Elevation Worship"
"Amazing Grace (My Chains Are Gone)","Chris Tomlin"
"O Praise The Name (An'e1stasis)","Hillsong Worship"
"Good Good Father","Chris Tomlin"
"How Great Thou Art","Traditional"
"Battle Belongs","Phil Wickham"
"Yes I Will","Vertical Worship"
"Revelation Song","Kari Jobe"
"Holy Spirit","Bryan & Katie Torwalt"
"Do It Again","Elevation Worship"
"Hymn Of Heaven","Phil Wickham"
"Is He Worthy","Andrew Peterson"
"Jesus Messiah","Chris Tomlin"
"Mighty To Save","Hillsong Worship"
"My Jesus","Anne Wilson"
"Only King Forever","Elevation Worship"
"Open The Eyes Of My Heart","Paul Baloche"
"Our God","Chris Tomlin"
"Praise Is Rising","Brenton Brown"
"Promises","Maverick City Music"
"Same God","Elevation Worship"
"Shout To The Lord","Darlene Zschech"
"This I Believe (The Creed)","Hillsong Worship"
"Tremble","Mosaic MSC"
"Worthy Of It All","David Brymer"
"Yet Not I But Through Christ In Me","CityAlight"
"House Of The Lord","Phil Wickham"
"Blessed Be Your Name","Matt Redman"
"Take You At Your Word","Cody Carnes & Benjamin Hastings"
"Victory In Jesus","Eugene M. Bartlett (Traditional Hymn)"
"His Mercy Is More","Matt Boswell & Matt Papa"
"We Praise You","Matt Redman & Brandon Lake"
"How Deep The Father's Love For Us","Stuart Townend"
"The Heart Of Worship","Matt Redman"
"Abide","Aaron Williams (The Worship Initiative)"
"Worthy","Elevation Worship"
"Praise You Anywhere","Brandon Lake"
"Jesus Paid It All","Passion (Kristian Stanfill)"
"No Longer Slaves","Bethel Music (Jonathan & Melissa Helser)"
"Made For More","Josh Baldwin"
"Agnus Dei","Michael W. Smith"
"You've Already Won","Shane & Shane"
"Because He Lives","Bill & Gloria Gaither"
"Run To The Father","Cody Carnes"
"Promises","Maverick City Music"
"Holy Water","We The Kingdom"
"Egypt","Bethel Music (Cory Asbury)"
"New Wine","Hillsong Worship"
"All Hail King Jesus","Jeremy Riddle"
"Make Room","Community Music"
"Canvas and Clay","Pat Barrett"
"Too Good To Not Believe","Bethel Music (Brandon Lake)"
"Jireh","Elevation Worship & Maverick City Music"
"Build Your Church","Elevation Worship & Maverick City Music"
"Indescribable","Chris Tomlin"
"Behold (Then Sings My Soul)","Phil Wickham"
"Highlands (Song of Ascent)","Hillsong UNITED"
"House of Miracles","Brandon Lake"
"More Than Able","Elevation Worship"
"Thank You Jesus For The Blood","Charity Gayle"
"Christ Is Mine Forevermore","CityAlight"
"Beneath The Waters (I Will Rise)","Hillsong Worship"
"Echo Holy","Red Rocks Worship"
"I Am Not Alone","Kari Jobe"
"Nothing Else","Cody Carnes"
"Good And Gracious King","CityAlight"
"Fear Is Not My Future","Maverick City Music & Elevation Worship"
"There Is A King","Elevation Worship"
"Peace Be Still","The Belonging Co (Hope Darst)"
"The Goodness of Jesus","CityAlight"
"My Worth Is Not In What I Own","Keith & Kristyn Getty"
"Hosanna","Hillsong UNITED"
"The More I Seek You","Gateway Worship (Kari Jobe)"
"Refiner's Fire","Brian Doerksen"
"Forever","Chris Tomlin"
"Holy Is The Lord","Chris Tomlin"
"I Will Follow","Chris Tomlin"
"Whom Shall I Fear (God of Angel Armies)","Chris Tomlin"
"Jesus Is Alive","Phil Wickham"
"Behold Our God","Sovereign Grace Music"
"All I Have Is Christ","Sovereign Grace Music"
"Not What My Hands Have Done","Sovereign Grace Music"
"O Church Arise","Keith Getty & Stuart Townend"
"Come Behold The Wondrous Mystery","Matt Papa & Matt Boswell"
"Holy Spirit","Bryan & Katie Torwalt"
"Spirit Lead Me","Influence Music (Michael Ketterer)"
"Rest On Us","Maverick City Music / UPPERROOM"
"Fall Afresh","Jeremy Riddle / Bethel Music"
"When I Survey The Wondrous Cross","Traditional Hymn (Isaac Watts)"
"Nothing But The Blood","Traditional Hymn (Robert Lowry)"
"Man of Sorrows","Hillsong Worship"
"At The Cross (Love Ran Red)","Chris Tomlin"
"Behold The Lamb (Communion Hymn)","Keith & Kristyn Getty"
"Come As You Are","Crowder"
"All My Hope","Crowder"
"Run Devil Run","Crowder"
"I Know A Ghost","Crowder"
"How He Loves","Crowder"
"Build Your Kingdom Here","Rend Collective"
"My Lighthouse","Rend Collective"
"Counting Every Blessing","Rend Collective"
"Joy of the Lord","Rend Collective"
"Hallelujah Anyway","Rend Collective"
"Spirit of the Living God","Vertical Worship"
"Found In You","Vertical Worship"
"Open Up The Heavens","Vertical Worship"
"Your Love Never Fails","Jesus Culture"
"Holy Spirit Come","Jesus Culture"
"One Thing Remains","Jesus Culture"
"Stand In Your Love","Bethel Music"
"Living Waters","Gateway Worship"
"Firm Foundation (He Won't)","Maverick City Music"
"Christ Is Enough","Hillsong Worship"
"Here Again","Elevation Worship"
"Be Still","Cody Carnes"
"Simple Gospel","United Pursuit"
"God I Look To You","Bethel Music"
"I Will Trust In You","Lauren Daigle"
"Though You Slay Me","Shane & Shane"
"Praise Before My Breakthrough","Bryan & Katie Torwalt"
"Won't Stop Now","Elevation Worship"
"Victory Belongs To Jesus","Todd Dulaney"
"God You're So Good","Passion"
"Let Everything That Has Breath","Matt Redman"
"The Wonderful Cross","Chris Tomlin"
"Christ Be Magnified","Cody Carnes"
"Hungry","Kathryn Scott"
"As The Deer","Modern Arrangement"
"Breathe","Marie Barnett"
"Waiting Here For You","Christy Nockels"
"Still","Hillsong Worship"
"I Need You More","Jesus Culture"
"Healer","Hillsong Worship"
"You Never Let Go","Matt Redman"
"Ever Be","Bethel Music"
"Forever (We Sing Hallelujah)","Bethel Music"
"God Is Able","Hillsong Worship"
"Hosanna (Praise Is Rising)","Paul Baloche"
"Refiner","Maverick City Music"
"God Of Revival","Bethel Music"
"He Will Hold Me Fast","Keith & Kristyn Getty"
"Psalm 51 (Lord Have Mercy)","Shane & Shane"
"Holy Forever","Chris Tomlin"
"Gratitude","Brandon Lake"
"Trust In God","Elevation Worship"
"Praise","Elevation Worship"
"I Thank God","Maverick City Music & UPPERROOM"
"Who Else","Gateway Worship"
"The Lord Will Provide","Passion"
"The Church","Bethel Music"
"Mighty Name Of Jesus","The Belonging Co"
"Christus Victor (Amen)","Keith & Kristyn Getty"
"I Know A Name","Elevation Worship"
"Oceans (Where Feet May Fail)","Hillsong UNITED"
"Here I Am To Worship","Tim Hughes"
"Forever Reign","Hillsong Worship"
"The Stand","Hillsong UNITED"
"I Surrender","Hillsong Worship"
"Lord, I Lift Your Name on High","Rick Founds"
"In the Secret","Sonicflood"
"Trading My Sorrows","Darrell Evans"
"Better Is One Day","Matt Redman"
"All I Need Is You","Hillsong UNITED"
"Come Thou Fount","Traditional"
"Be Thou My Vision","Traditional"
"Great Is Thy Faithfulness","Traditional"
"It Is Well (traditional)","Traditional"
"It Is Well (modern arrangement)","Bethel Music"
"Doxology (Praise God From Whom All Blessings Flow)","Traditional"
"Blessed Assurance","Traditional"
"Turn Your Eyes Upon Jesus","Traditional"
"All Creatures of Our God and King","Traditional"
"Rock of Ages","Traditional"
"What a Friend We Have in Jesus","Traditional"
"O Holy Night","Traditional"
"O Come All Ye Faithful","Traditional"
"Hark! The Herald Angels Sing","Traditional"
"Angels We Have Heard on High","Traditional"
"Joy to the World","Traditional"
"Doxology (Modern Arrangement)","Modern Arrangement"
"Come Thou Fount (Modern Arrangement)","Modern Arrangement"
"Be Thou My Vision (Modern Arrangement)","Modern Arrangement"
"Great Is Thy Faithfulness (Modern Arrangement)","Modern Arrangement"
"Blessed Assurance (Modern Arrangement)","Modern Arrangement"
"All Creatures of Our God and King (Modern Arrangement)","Modern Arrangement"
"O Come All Ye Faithful (Modern Arrangement)","Modern Arrangement"
"Joy to the World (Modern Arrangement)","Modern Arrangement"
"I Speak Jesus","Charity Gayle"
"This Is Our God","Phil Wickham"
"God So Loved","We The Kingdom"
"The Joy","The Belonging Co"
"No One Like The Lord (We Crown You)","Circuit Rider Music"
"Our God Reigns (Over All The Earth)","Martin Smith, Kari Jobe & Cody Carnes"
"What An Awesome God","Phil Wickham"
"Wonderful Counselor","Pat Barrett"
"The Gift We Bring","The Belonging Co"
"Rejoice Again","Lakewood Music"
"What A Savior","Rock City Worship"
"All This In A Name","Pat Barrett"
"Our Response","Bella Taylor Smith"
"Forever & Amen","Cody Carnes"
"Garment Of Praise","Martin Smith"
"Undignified","Brooke Ligertwood & Passion"
"Praise The Lord Forever","Pat Barrett"
"Hallelujah In The Hard Things","Bryan & Katie Torwalt"
"Worship!","TAYA"
"Keep On Finding More","John Allan & Mack Brock"
"How Good It Is","Chris Tomlin"
"Hallelujah Everyday","The Belonging Co"
"I Will Rise","Chris Tomlin"
"Your Grace Is Enough","Matt Maher"
"Your Great Name","Natalie Grant"
"From The Inside Out","Hillsong UNITED"
"Lead Me To The Cross","Hillsong UNITED"
"Because He Lives (Amen)","Matt Maher"
"It Is Well (Kristene DiMarco / Bethel Music)","Bethel Music"
"Great I Am","New Life Worship"
"Today Is The Day","Lincoln Brewster"
"Christ Is Risen","Matt Maher"
"Happy Day","Tim Hughes"
"How Marvelous (I Stand Amazed)","Modern Arrangement"
"Everlasting God","Brenton Brown"
"You Are Good","Israel Houghton"
"Crown Him (Majesty)","Hillsong Worship"
"Noel","Chris Tomlin"
"O The Blood","Gateway Worship"
"Worthy Is The Lamb","Hillsong Worship"
"Love The Lord","Lincoln Brewster"
"Hark The Herald (with King Of Heaven)","Bethel Music"
"Your Name","Paul Baloche"
"God Of This City","Bluetree"
"Chain Breaker","Zach Williams"
"Beautiful Things","Gungor"
"I Am Free","Newsboys"
"My Savior My God","Aaron Shust"
"Resurrecting (Live)","Elevation Worship"
"Even So Come","Passion"
"Glory To God Forever","Fee"
"God Of Wonders","Third Day"
"Stronger","Hillsong Worship"
"Overcome","Jon Egan"
"Take My Life","Chris Tomlin"
"I Heard The Bells On Christmas Day","Casting Crowns"
"Emmanuel (Hallowed Manger Ground)","Chris Tomlin"
"Gratitude","Brandon Lake"
"Holy Forever","Chris Tomlin"
"I Thank God","Maverick City Music & UPPERROOM"
"Trust In God","Elevation Worship"
"Oceans (Where Feet May Fail)","Hillsong UNITED"
"So Will I (100 Billion X)","Hillsong UNITED"
"Good Grace","Hillsong UNITED"
"God Turn It Around","Jon Reddick"
"Wait On You","Elevation Worship & Maverick City Music"
"Talking To Jesus","Elevation Worship"
"Never Lost","Tauren Wells"
"Rattle!","Elevation Worship"
"The Commission","CAIN"
"I Speak Jesus","Charity Gayle"
"God So Loved","We The Kingdom"
"Still The King","Commonly Performed"
"What An Awesome God","Phil Wickham"
"No One Like The Lord","Circuit Rider Music"
"Our God Reigns","Leonard E. Smith Jr."
"The Stand","Hillsong UNITED"
"Even If","MercyMe"
"Praise You In This Storm","Casting Crowns"
"In The Secret","Andy Park"
"Come Now Is The Time To Worship","Brian Doerksen"
"Lord, I Lift Your Name On High","Rick Founds"
"Here I Am To Worship","Tim Hughes"
"I Could Sing Of Your Love Forever","Delirious?"
"We Fall Down","Chris Tomlin"
"Trading My Sorrows","Darrell Evans"
"Shine Jesus Shine","Graham Kendrick"
"All The Poor And Powerless","All Sons & Daughters"
"Christ Be All Around Me","All Sons & Daughters"
"Amazing Love (You Are My King)","Billy Foote"
"Come Thou Fount","Traditional Hymn"
"Be Thou My Vision","Traditional Hymn"
"Great Is Thy Faithfulness","Traditional Hymn"
"Doxology","Traditional Hymn"
"Holy, Holy, Holy","Traditional Hymn"
"Turn Your Eyes Upon Jesus","Traditional Hymn"
"The King Is In The Room","Phil Wickham"
"Song Of The Saints","People & Songs"
"Victory In Jesus (Christ Won The Victory)","Modern Arrangement"
"Cry Out","Commonly Performed"
"Come To Jesus","Chris Rice"
"He Who Is To Come","Passion"
"Somebody Prayed","Crowder"
"Holy Forever (Christmas)","Chris Tomlin"
"O Holy Night / Holy Forever","Medley"
"The Joy / Joy To The World","Medley"
"O Come All Ye Faithful (His Name Shall Be)","Modern Arrangement"
"Angels (Glory To God)","Chris Tomlin"
"Joy To The World (Joyful Joyful)","Medley"
"What He's Done","Passion"
"He Is","Crowder"
"I'm Not Alone","Kari Jobe"
"Honey In The Rock","Brooke Ligertwood"
"Same Jesus","Elevation Worship"
"Christ Our Hope In Life And Death","Getty Music"
"All Glory Be To Christ","Kings Kaleidoscope"
"Jesus Thank You","Sovereign Grace Music"
"There Is One Gospel","Getty Music"
"Ancient Of Days","CityAlight"
"Speak O Lord","Getty Music"
"Come People Of The Risen King","Getty Music"
"The Lord Our God","Passion"
"All Hail The Power Of Jesus' Name","Traditional Hymn"
"Before The Throne Of God Above","Traditional Hymn"
"Jesus Loves Me","Traditional"
"Jesus Loves The Little Children","Traditional"
"O God Beyond All Praising","Traditional"
"And Can It Be","Traditional"
"How Firm A Foundation","Traditional"
"Be Still My Soul","Traditional"
"The Solid Rock","Traditional"
"His Eye Is On The Sparrow","Traditional"
"Tis So Sweet To Trust In Jesus","Traditional"
"I Need Thee Every Hour","Traditional"
"Guide Me O Thou Great Jehovah","Traditional"
"It Is Well","Kristene DiMarco & Bethel Music"
"Shout To The North","Hillsong Worship"
"Lord I Give You My Heart","Hillsong Worship"
"Jesus Lover Of My Soul","Hillsong Worship"
"The Power Of Your Love","Geoff Bullock"
"Days Of Elijah","Robin Mark"
"A New Hallelujah","Michael W. Smith"
"Resurrecting","Elevation Worship"
"Abide With Me","Traditional"
"Bless God","Brooks & Dunn"
"Abandoned","Benny Hester"
"Love of God","MercyMe"
"Trust And Obey","Traditional Hymn"
"So So Good","Maverick City Music"
"Let It Be A Hallelujah","Josh Wilson"
"Oh My Soul (Psalm 103)","Chris Tomlin"
"That's My King","CeCe Winans"
"10,000 Armies","Commonly Performed"
"Can't Stop Praisin'","Elevation Rhythm"
"I Believe","Phil Wickham"
"New Thing Coming","Commonly Performed"
"The Jesus Way","Phil Wickham"
"The Blood","Kari Jobe"
"Goodbye Yesterday","Elevation Worship"
"As For Me And My House","Commonly Performed"
"Counting My Blessings","Seph Schlueter"
"Kingdom","Commonly Performed"
"I've Got Joy","Commonly Performed"
"Sevens","Maverick City Music"
"People of Heaven","Hillsong Worship"
"The First Hymn","Phos"
"That's Who I Praise","Brandon Lake"
"The Father's House","Cory Asbury"
"Evidence","Josh Baldwin"
"My Testimony","Elevation Worship"
"Champion","Bethel Music"
"Surrounded (Fight My Battles)","Upperroom"
"Yes And Amen","Housefires"
"Same Power","Jeremy Camp"
"God Of The Promise","Everlasting Arms"
"Touch Of Heaven","Hillsong Worship"
"Broken Vessels (Amazing Grace)","Hillsong Worship"
"Spirit Break Out","Kim Walker-Smith"
"Never Walk Alone","Hillsong Worship"
"Come To The Table","Sidewalk Prophets"
"In Jesus Name (God Of Possible)","Katy Nichole"
"Wonderful Merciful Savior","Selah"
"Rescue","Lauren Daigle"
"Lord Send Revival","Hillsong Young & Free"
"Worthy Is Your Name","Passion"
"Be Enthroned","Bethel Music"
"Holy Ground","Passion"
"Come Holy Spirit","Passion"
"Jesus, Name Above All Names","Naida Hearn"
"I Exalt Thee","Pete Sanchez Jr."
"I Worship You Almighty God","Sondra Corbett"
"Only A Holy God","CityAlight"
"Goodness, Love And Mercy","Chris Tomlin"
"Christ and Christ Crucified","Lindsey Williams"
"Jesus, Only Jesus","Vertical Worship"
"Come Alive (Dry Bones)","Lauren Daigle"
"Miracles","Chris McClarney"
"Nothing Is Impossible","Planetshakers"
"King of Glory","Third Day"
"Everlasting Arms","Traditional Hymn"
"Beautiful Savior","Stuart Townend"
"Behold the King","Hillsong Worship"
"God of All My Days","Casting Crowns"
"Sing Wherever I Go","We The Kingdom"
"Sing Sing Sing","Chris Tomlin"
"Unfailing Love","Chris Tomlin"
"Made To Worship","Chris Tomlin"
"Famous One","Chris Tomlin"
"God With Us","MercyMe"
"Emmanuel","Traditional Hymn"
"Forever And Ever, Amen","Randy Travis"
"Jesus At The Center","Israel Houghton"
"Our God Saves","Paul Baloche"
"All The Earth Will Sing Your Praises","Paul Baloche"
"Above All","Michael W. Smith"
"Amazed (I Stand Amazed)","Chris Tomlin"
"Lord Reign In Me","Brenton Brown"
"Give Us Clean Hands","Chris Tomlin"
"All Who Are Thirsty","Brenton Brown"
"Here Is Our King","David Crowder Band"
"At Your Name","Phil Wickham"
"Savior King","Hillsong Worship"
"Came To My Rescue","Hillsong United"
"You Are My World","Hillsong Worship"
"Hosanna (Paul Baloche)","Paul Baloche"
"I'm Coming Back To The Heart Of Worship","Matt Redman"
"Great Is The Lord","Michael W. Smith"
"Open Up The Gates","Vertical Worship"
"Blessed Assurance (My Chains Are Gone)","Chris Tomlin"
"Come Thou Long Expected Jesus","Traditional Hymn"
"O Come O Come Emmanuel","Traditional Hymn"
"Silent Night","Traditional Hymn"
"Away In A Manger","Traditional Hymn"
"O Little Town Of Bethlehem","Traditional Hymn"
"What Child Is This","Traditional Hymn"
"Mary Did You Know","Mark Lowry"
"We Three Kings","Traditional Hymn"
"Carol Of The Bells","Traditional Carol"
"Angels From The Realms Of Glory","Traditional Hymn"
"Good Christian Men Rejoice","Traditional Carol"
"In The Bleak Midwinter","Traditional Hymn"
"God Rest Ye Merry Gentlemen","Traditional Carol"
"Joyful Joyful We Adore Thee","Traditional Hymn"
"Jesus, Joy Of Man's Desiring","Johann Sebastian Bach"
"Worthy, Worthy, Worthy","Traditional Hymn"
"All Hail The Power Of Jesus' Name (modern arrangement)","Traditional Hymn"
"Crown Him With Many Crowns","Traditional Hymn"
"Blessed Be The Tie That Binds","Traditional Hymn"
"I Surrender All","Traditional Hymn"
"Nothing But The Blood (modern arrangement)","Traditional Hymn"
"Rock Of Ages (modern arrangement)","Traditional Hymn"
"How Great Thou Art (modern arrangement)","Traditional Hymn"
"Come To The Table (Crowder)","Crowder"
"All My Hope Is In Jesus","Traditional Gospel"
"Heaven Come Down","Kari Jobe"
"The Lord's Prayer (It's Yours)","Matt Maher"
"Jesus, Only Jesus","Vertical Worship"
"Come Alive (Dry Bones)","Lauren Daigle"
"Miracles","Chris McClarney"
"Nothing Is Impossible","Planetshakers"
"King of Glory","Third Day"
"How Great Thou Art (modern arrangement)","Traditional Hymn"
"Come To The Table (Crowder)","Crowder"
"All My Hope Is In Jesus","Traditional Gospel"
"Heaven Come Down","Kari Jobe"
"The Lord's Prayer (It's Yours)","Matt Maher"
"Healer","Kari Jobe"
"Speak Life","Kari Jobe"
"Beautiful","Kari Jobe"
"Forever","Kari Jobe"
"No Sweeter Name","Kari Jobe"
"I'm Singing","Kari Jobe"
"Everyone Needs A Savior","Kari Jobe"
"Pure","Kari Jobe"
"You Are For Me","Kari Jobe"
"We Are","Kari Jobe"
"Steady My Heart","Kari Jobe"
"Find You On My Knees","Kari Jobe"
"Here","Kari Jobe"
"What Love Is This","Kari Jobe"
"I Won't Let Go","Kari Jobe"
"Come Alive","Kari Jobe"
"Stars In The Night","Kari Jobe"
"Why Me","Kari Jobe"
"Slow","Kari Jobe"
"Forever (Live)","Kari Jobe"
"Let The Heavens Open","Kari Jobe"
"Hands To The Heavens","Kari Jobe"
"How Majestic","Kari Jobe"
"Holy Spirit","Kari Jobe"
"Only Your Love","Kari Jobe"
"Our God Reigns","Kari Jobe"
"Lover Of My Soul","Kari Jobe"
"Heaven Invade","Kari Jobe"
"Forever (Revisited)","Kari Jobe"
"Let The Heavens Open (Revisited)","Kari Jobe"
"Holy Spirit (Revisited)","Kari Jobe"
"I Am Not Alone (Revisited)","Kari Jobe"
"The Garden","Kari Jobe"
"Let Your Glory Fall","Kari Jobe"
"Lover Of My Soul (Studio)","Kari Jobe"
"Speak To Me","Kari Jobe"
"Fall","Kari Jobe"
"Heal Our Land","Kari Jobe"
"I Am Not Alone (Studio)","Kari Jobe"
"Oh The Power","Kari Jobe"
"Closing Song","Kari Jobe"
"Heaven Invade (Studio)","Kari Jobe"
"Embers","Kari Jobe"
"Obsession","Kari Jobe"
"First Love","Kari Jobe"
"Let The Light In","Kari Jobe"
"Your Nature","Kari Jobe"
"Forever & Amen","Kari Jobe"
"Take It All Back","Kari Jobe"
"Cover The Earth","Kari Jobe & Cody Carnes"
"Let It Be Glory","Kari Jobe"
"Who Can Compare","Kari Jobe"
"The Cause Of Christ","Kari Jobe & Cody Carnes"
"Holy Spirit (Radio Version)","Kari Jobe"
"The Blessing (Elevation Worship / Kari Jobe / Cody Carnes)","Elevation Worship, Kari Jobe & Cody Carnes"
"Praise Before My Breakthrough","Bryan & Katie Torwalt (feat. Kari Jobe)"
"I Will Exalt (Live)","Kari Jobe"
"Head to the Heart","United Pursuit"
"Your Love Changes Everything","United Pursuit"
"Met by Love","United Pursuit"
"You're All Around Me","United Pursuit"
"Let It Happen","United Pursuit"
"Seasons Change","United Pursuit"
"Since Your Love","United Pursuit"
"Never Going Back","United Pursuit"
"Hidden","United Pursuit"
"Love","United Pursuit"
"One","United Pursuit"
"Rest","United Pursuit"
"Home","United Pursuit"
"Garden","United Pursuit"
"Nothing Without You","United Pursuit"
"Take a Moment","United Pursuit"
"Running in Circles","United Pursuit"
"Set a Fire","United Pursuit"
"Not in a Hurry","United Pursuit"
"Lay It All Down","United Pursuit"
"Nothing I Hold Onto","United Pursuit"
"You Are My Joy","United Pursuit"
"Feeling Low","United Pursuit"
"Need You More","United Pursuit"
"Be Still","United Pursuit"
"Oh How We Love You","United Pursuit"
"What A Miracle","Elevation Worship"
"Sure Been Good","Elevation Worship"
"Faithful Then / Faithful Now","Elevation Worship"
"God Is Not Against Me","Elevation Worship"
"Owe You Praise","Elevation Worship"
"When Wind Meets Fire","Elevation Worship"
"Another Stone","Elevation Worship"
"Always On Time","Elevation Worship"
"Yahweh We You","Elevation Worship"
"Another One","Elevation Worship"
"Ive Got Good News","Elevation Worship"
"Youve Got A Name","Elevation Worship"
"Jesus Be The Name","Elevation Worship"
"God Im Just Grateful","Elevation Worship"
"Yahweh We Love You","Elevation Worship"
"CAN YOU IMAGINE?","Elevation Worship"
"Jehovah","Elevation Worship"
"No Body","Elevation Worship"
"Make A Way","Elevation Worship"
"A Prophecy (Unto Us)","Elevation Worship"
"Breath of Heaven (All Of A Sudden)","Elevation Worship"
"Welcome To Our World","Elevation Worship"
"JOY!","Elevation Worship"
"Here Comes Heaven","Elevation Worship"
"Infant Holy, Infant Lowly","Elevation Worship"
"LION","Elevation Worship"
"This Is The Kingdom","Elevation Worship"
"Dancing","Elevation Worship"
"Water Is Wild","Elevation Worship"
"Welcome Resurrection","Elevation Worship"
"Forever YHWH","Elevation Worship"
"No One","Elevation Worship"
"You Really Are","Elevation Worship"
"Why","Elevation Worship"
"The One You Love","Elevation Worship"
"Might Get Loud","Elevation Worship"
"Authority","Elevation Worship"
"Available","Elevation Worship"
"No One Beside","Elevation Worship"
"Have My Heart","Elevation Worship"
"What Would You Do","Elevation Worship"
"GOD SAID LIVE!","Elevation Worship"
"Old Church Basement","Elevation Worship"
"Paradoxology","Elevation Worship"
"Hallelujah Here Below","Elevation Worship"
"Echo","Elevation Worship"
"With You","Elevation Worship"
"Mighty God (Another Hallelujah)","Elevation Worship"
"Faithful","Elevation Worship"
"Worthy","Elevation Worship"
"Hallelujah Here Below / There Is A Cloud","Elevation Worship"
"Power","Elevation Worship"
"Then He Rose","Elevation Worship"
"Greater Than Your Love","Elevation Worship"
"Still God","Elevation Worship"
"Better Word","Elevation Worship"
"There Is A Cloud","Elevation Worship"
"Fullness","Elevation Worship"
"He Is Lord","Elevation Worship"
"Yours (Glory and Praise)","Elevation Worship"
"Uncontainable Love","Elevation Worship"
"Forever I Run","Elevation Worship"
"None","Elevation Worship"
"Grateful","Elevation Worship"
"Mighty Cross","Elevation Worship"
"Oh Sing","Elevation Worship"
"Here In The Presence","Elevation Worship"
"The Glory Is Yours","Elevation Worship"
"I Will Look Up","Elevation Worship"
"Grace So Glorious","Elevation Worship"
"The Love Of Jesus","Elevation Worship"
"The Last Word","Elevation Worship"
"Mighty Warrior","Elevation Worship"
"I Will Sing","Elevation Worship"
"Everlasting Father","Elevation Worship"
"Great and Mighty King","Elevation Worship"
"Unto Your Name","Elevation Worship"
"Raised to Life","Elevation Worship"
"Already Won","Elevation Worship"
"Unstoppable God","Elevation Worship"
"Jesus I Come","Elevation Worship"
"Ever Glorious","Elevation Worship"
"Jesus Forever","Elevation Worship"
"Your Promises","Elevation Worship"
"The King Is Among Us","Elevation Worship"
"The First Light","Elevation Worship"
"Great Things (Worth It All)","Elevation Worship"
"Standing","Elevation Worship"
"Let Us Adore","Elevation Worship"
"Fortress","Elevation Worship"
"Look How He Lifted Me","Elevation Worship"
"For the Honor","Elevation Worship"
"Exalted One","Elevation Worship"
"The Lord Is My Rock","Elevation Worship"
"God Be Praised","Elevation Worship"
"The Highest","Elevation Worship"
"Victorious","Elevation Worship"
"Give Me Faith","Elevation Worship"
"All Things New","Elevation Worship"
"You Reign Alone","Elevation Worship"
"Give My Life To You","Elevation Worship"
"The Gospel","Elevation Worship"
"Our King Has Come","Elevation Worship"
"We Are Alive","Elevation Worship"
"Undivided","Elevation Worship"
"All Around The World","Elevation Worship"
"Walk In Love","Elevation Worship"
"Sing Forever","Elevation Worship"
"We Have Overcome","Elevation Worship"
"Sun Stand Still","Elevation Worship"
"This City Is Yours","Elevation Worship"
"Kingdom Come","Elevation Worship"
"Awaken","Elevation Worship"
"Your Cross","Elevation Worship"
"No One (feat. Chandler Moore)","Elevation Worship"